"Name","Path","SizeBytes","SizeKB","SizeMB","Format","UsedCount","UsedIn"
"pago a cuotas banner promociones.png","pago a cuotas banner promociones.png","8319389","8124,4","7,93","PNG","30","alisados.html, chatbot_demo.html, index.html, linea-cuidado.html, linea-profesional.html, new_faq.html, old_faq_798ad13.html, old_faq_section.html, politica-cookies.html, politica-datos.html, politica-envios.html, politica-garantia.html, politica-servicio.html, promociones-condiciones.html, temp_old_index.html, temp_old_index_798ad13.html, temp_old_index_utf8.html, terapias-disciplinantes.html, terapias-hidratantes.html, terapias-nutritivas.html, terapias-restauradoras.html, articulo.html, index.html, index.html, admin.html, index.html, chatbot-widget.css, style.css, style.css, style.css"
"EMULSION ZERO.png","EMULSION ZERO.png","6570727","6416,73","6,27","PNG","30","alisados.html, chatbot_demo.html, index.html, linea-cuidado.html, linea-profesional.html, new_faq.html, old_faq_798ad13.html, old_faq_section.html, politica-cookies.html, politica-datos.html, politica-envios.html, politica-garantia.html, politica-servicio.html, promociones-condiciones.html, temp_old_index.html, temp_old_index_798ad13.html, temp_old_index_utf8.html, terapias-disciplinantes.html, terapias-hidratantes.html, terapias-nutritivas.html, terapias-restauradoras.html, articulo.html, index.html, index.html, admin.html, index.html, chatbot-widget.css, style.css, style.css, style.css"
"CAPILAR LINEA.png","CAPILAR LINEA.png","6493087","6340,91","6,19","PNG","30","alisados.html, chatbot_demo.html, index.html, linea-cuidado.html, linea-profesional.html, new_faq.html, old_faq_798ad13.html, old_faq_section.html, politica-cookies.html, politica-datos.html, politica-envios.html, politica-garantia.html, politica-servicio.html, promociones-condiciones.html, temp_old_index.html, temp_old_index_798ad13.html, temp_old_index_utf8.html, terapias-disciplinantes.html, terapias-hidratantes.html, terapias-nutritivas.html, terapias-restauradoras.html, articulo.html, index.html, index.html, admin.html, index.html, chatbot-widget.css, style.css, style.css, style.css"
"PROFESIONAL LINEA.png","PROFESIONAL LINEA.png","6412218","6261,93","6,12","PNG","30","alisados.html, chatbot_demo.html, index.html, linea-cuidado.html, linea-profesional.html, new_faq.html, old_faq_798ad13.html, old_faq_section.html, politica-cookies.html, politica-datos.html, politica-envios.html, politica-garantia.html, politica-servicio.html, promociones-condiciones.html, temp_old_index.html, temp_old_index_798ad13.html, temp_old_index_utf8.html, terapias-disciplinantes.html, terapias-hidratantes.html, terapias-nutritivas.html, terapias-restauradoras.html, articulo.html, index.html, index.html, admin.html, index.html, chatbot-widget.css, style.css, style.css, style.css"
"antes despues 3.png","antes despues 3.png","700067","683,66","0,67","PNG","30","alisados.html, chatbot_demo.html, index.html, linea-cuidado.html, linea-profesional.html, new_faq.html, old_faq_798ad13.html, old_faq_section.html, politica-cookies.html, politica-datos.html, politica-envios.html, politica-garantia.html, politica-servicio.html, promociones-condiciones.html, temp_old_index.html, temp_old_index_798ad13.html, temp_old_index_utf8.html, terapias-disciplinantes.html, terapias-hidratantes.html, terapias-nutritivas.html, terapias-restauradoras.html, articulo.html, index.html, index.html, admin.html, index.html, chatbot-widget.css, style.css, style.css, style.css"
"antes despues 2.png","antes despues 2.png","591805","577,93","0,56","PNG","30","alisados.html, chatbot_demo.html, index.html, linea-cuidado.html, linea-profesional.html, new_faq.html, old_faq_798ad13.html, old_faq_section.html, politica-cookies.html, politica-datos.html, politica-envios.html, politica-garantia.html, politica-servicio.html, promociones-condiciones.html, temp_old_index.html, temp_old_index_798ad13.html, temp_old_index_utf8.html, terapias-disciplinantes.html, terapias-hidratantes.html, terapias-nutritivas.html, terapias-restauradoras.html, articulo.html, index.html, index.html, admin.html, index.html, chatbot-widget.css, style.css, style.css, style.css"
"antes despues 1.png","antes despues 1.png","515392","503,31","0,49","PNG","30","alisados.html, chatbot_demo.html, index.html, linea-cuidado.html, linea-profesional.html, new_faq.html, old_faq_798ad13.html, old_faq_section.html, politica-cookies.html, politica-datos.html, politica-envios.html, politica-garantia.html, politica-servicio.html, promociones-condiciones.html, temp_old_index.html, temp_old_index_798ad13.html, temp_old_index_utf8.html, terapias-disciplinantes.html, terapias-hidratantes.html, terapias-nutritivas.html, terapias-restauradoras.html, articulo.html, index.html, index.html, admin.html, index.html, chatbot-widget.css, style.css, style.css, style.css"
"pago a cuotas banner promociones.jpg","pago a cuotas banner promociones.jpg","472108","461,04","0,45","JPG","30","alisados.html, chatbot_demo.html, index.html, linea-cuidado.html, linea-profesional.html, new_faq.html, old_faq_798ad13.html, old_faq_section.html, politica-cookies.html, politica-datos.html, politica-envios.html, politica-garantia.html, politica-servicio.html, promociones-condiciones.html, temp_old_index.html, temp_old_index_798ad13.html, temp_old_index_utf8.html, terapias-disciplinantes.html, terapias-hidratantes.html, terapias-nutritivas.html, terapias-restauradoras.html, articulo.html, index.html, index.html, admin.html, index.html, chatbot-widget.css, style.css, style.css, style.css"
"logo.png","sistema-fichas-2024\logo.png","384509","375,5","0,37","PNG","30","alisados.html, chatbot_demo.html, index.html, linea-cuidado.html, linea-profesional.html, new_faq.html, old_faq_798ad13.html, old_faq_section.html, politica-cookies.html, politica-datos.html, politica-envios.html, politica-garantia.html, politica-servicio.html, promociones-condiciones.html, temp_old_index.html, temp_old_index_798ad13.html, temp_old_index_utf8.html, terapias-disciplinantes.html, terapias-hidratantes.html, terapias-nutritivas.html, terapias-restauradoras.html, articulo.html, index.html, index.html, admin.html, index.html, chatbot-widget.css, style.css, style.css, style.css"
"logo 1.png","logo 1.png","384509","375,5","0,37","PNG","30","alisados.html, chatbot_demo.html, index.html, linea-cuidado.html, linea-profesional.html, new_faq.html, old_faq_798ad13.html, old_faq_section.html, politica-cookies.html, politica-datos.html, politica-envios.html, politica-garantia.html, politica-servicio.html, promociones-condiciones.html, temp_old_index.html, temp_old_index_798ad13.html, temp_old_index_utf8.html, terapias-disciplinantes.html, terapias-hidratantes.html, terapias-nutritivas.html, terapias-restauradoras.html, articulo.html, index.html, index.html, admin.html, index.html, chatbot-widget.css, style.css, style.css, style.css"
"EMULSION ZERO.jpg","EMULSION ZERO.jpg","321880","314,34","0,31","JPG","30","alisados.html, chatbot_demo.html, index.html, linea-cuidado.html, linea-profesional.html, new_faq.html, old_faq_798ad13.html, old_faq_section.html, politica-cookies.html, politica-datos.html, politica-envios.html, politica-garantia.html, politica-servicio.html, promociones-condiciones.html, temp_old_index.html, temp_old_index_798ad13.html, temp_old_index_utf8.html, terapias-disciplinantes.html, terapias-hidratantes.html, terapias-nutritivas.html, terapias-restauradoras.html, articulo.html, index.html, index.html, admin.html, index.html, chatbot-widget.css, style.css, style.css, style.css"
"CAPILAR LINEA.jpg","CAPILAR LINEA.jpg","318637","311,17","0,3","JPG","30","alisados.html, chatbot_demo.html, index.html, linea-cuidado.html, linea-profesional.html, new_faq.html, old_faq_798ad13.html, old_faq_section.html, politica-cookies.html, politica-datos.html, politica-envios.html, politica-garantia.html, politica-servicio.html, promociones-condiciones.html, temp_old_index.html, temp_old_index_798ad13.html, temp_old_index_utf8.html, terapias-disciplinantes.html, terapias-hidratantes.html, terapias-nutritivas.html, terapias-restauradoras.html, articulo.html, index.html, index.html, admin.html, index.html, chatbot-widget.css, style.css, style.css, style.css"
"PROFESIONAL LINEA.jpg","PROFESIONAL LINEA.jpg","306350","299,17","0,29","JPG","30","alisados.html, chatbot_demo.html, index.html, linea-cuidado.html, linea-profesional.html, new_faq.html, old_faq_798ad13.html, old_faq_section.html, politica-cookies.html, politica-datos.html, politica-envios.html, politica-garantia.html, politica-servicio.html, promociones-condiciones.html, temp_old_index.html, temp_old_index_798ad13.html, temp_old_index_utf8.html, terapias-disciplinantes.html, terapias-hidratantes.html, terapias-nutritivas.html, terapias-restauradoras.html, articulo.html, index.html, index.html, admin.html, index.html, chatbot-widget.css, style.css, style.css, style.css"
"logo disco ball.jpeg","logo disco ball.jpeg","263763","257,58","0,25","JPEG","30","alisados.html, chatbot_demo.html, index.html, linea-cuidado.html, linea-profesional.html, new_faq.html, old_faq_798ad13.html, old_faq_section.html, politica-cookies.html, politica-datos.html, politica-envios.html, politica-garantia.html, politica-servicio.html, promociones-condiciones.html, temp_old_index.html, temp_old_index_798ad13.html, temp_old_index_utf8.html, terapias-disciplinantes.html, terapias-hidratantes.html, terapias-nutritivas.html, terapias-restauradoras.html, articulo.html, index.html, index.html, admin.html, index.html, chatbot-widget.css, style.css, style.css, style.css"
"alisdo mayo imagen.jpeg","alisdo mayo imagen.jpeg","240188","234,56","0,23","JPEG","30","alisados.html, chatbot_demo.html, index.html, linea-cuidado.html, linea-profesional.html, new_faq.html, old_faq_798ad13.html, old_faq_section.html, politica-cookies.html, politica-datos.html, politica-envios.html, politica-garantia.html, politica-servicio.html, promociones-condiciones.html, temp_old_index.html, temp_old_index_798ad13.html, temp_old_index_utf8.html, terapias-disciplinantes.html, terapias-hidratantes.html, terapias-nutritivas.html, terapias-restauradoras.html, articulo.html, index.html, index.html, admin.html, index.html, chatbot-widget.css, style.css, style.css, style.css"
"abril 1.png","abril 1.png","225562","220,28","0,22","PNG","30","alisados.html, chatbot_demo.html, index.html, linea-cuidado.html, linea-profesional.html, new_faq.html, old_faq_798ad13.html, old_faq_section.html, politica-cookies.html, politica-datos.html, politica-envios.html, politica-garantia.html, politica-servicio.html, promociones-condiciones.html, temp_old_index.html, temp_old_index_798ad13.html, temp_old_index_utf8.html, terapias-disciplinantes.html, terapias-hidratantes.html, terapias-nutritivas.html, terapias-restauradoras.html, articulo.html, index.html, index.html, admin.html, index.html, chatbot-widget.css, style.css, style.css, style.css"
"chocofix mayo imagen.jpeg","chocofix mayo imagen.jpeg","224079","218,83","0,21","JPEG","30","alisados.html, chatbot_demo.html, index.html, linea-cuidado.html, linea-profesional.html, new_faq.html, old_faq_798ad13.html, old_faq_section.html, politica-cookies.html, politica-datos.html, politica-envios.html, politica-garantia.html, politica-servicio.html, promociones-condiciones.html, temp_old_index.html, temp_old_index_798ad13.html, temp_old_index_utf8.html, terapias-disciplinantes.html, terapias-hidratantes.html, terapias-nutritivas.html, terapias-restauradoras.html, articulo.html, index.html, index.html, admin.html, index.html, chatbot-widget.css, style.css, style.css, style.css"
"reposicion mayo imagen.jpeg","reposicion mayo imagen.jpeg","223581","218,34","0,21","JPEG","30","alisados.html, chatbot_demo.html, index.html, linea-cuidado.html, linea-profesional.html, new_faq.html, old_faq_798ad13.html, old_faq_section.html, politica-cookies.html, politica-datos.html, politica-envios.html, politica-garantia.html, politica-servicio.html, promociones-condiciones.html, temp_old_index.html, temp_old_index_798ad13.html, temp_old_index_utf8.html, terapias-disciplinantes.html, terapias-hidratantes.html, terapias-nutritivas.html, terapias-restauradoras.html, articulo.html, index.html, index.html, admin.html, index.html, chatbot-widget.css, style.css, style.css, style.css"
"emulsion mayo imagen.jpeg","emulsion mayo imagen.jpeg","221621","216,43","0,21","JPEG","30","alisados.html, chatbot_demo.html, index.html, linea-cuidado.html, linea-profesional.html, new_faq.html, old_faq_798ad13.html, old_faq_section.html, politica-cookies.html, politica-datos.html, politica-envios.html, politica-garantia.html, politica-servicio.html, promociones-condiciones.html, temp_old_index.html, temp_old_index_798ad13.html, temp_old_index_utf8.html, terapias-disciplinantes.html, terapias-hidratantes.html, terapias-nutritivas.html, terapias-restauradoras.html, articulo.html, index.html, index.html, admin.html, index.html, chatbot-widget.css, style.css, style.css, style.css"
"abril 6.png","abril 6.png","216147","211,08","0,21","PNG","30","alisados.html, chatbot_demo.html, index.html, linea-cuidado.html, linea-profesional.html, new_faq.html, old_faq_798ad13.html, old_faq_section.html, politica-cookies.html, politica-datos.html, politica-envios.html, politica-garantia.html, politica-servicio.html, promociones-condiciones.html, temp_old_index.html, temp_old_index_798ad13.html, temp_old_index_utf8.html, terapias-disciplinantes.html, terapias-hidratantes.html, terapias-nutritivas.html, terapias-restauradoras.html, articulo.html, index.html, index.html, admin.html, index.html, chatbot-widget.css, style.css, style.css, style.css"
"abril 5.png","abril 5.png","196169","191,57","0,19","PNG","30","alisados.html, chatbot_demo.html, index.html, linea-cuidado.html, linea-profesional.html, new_faq.html, old_faq_798ad13.html, old_faq_section.html, politica-cookies.html, politica-datos.html, politica-envios.html, politica-garantia.html, politica-servicio.html, promociones-condiciones.html, temp_old_index.html, temp_old_index_798ad13.html, temp_old_index_utf8.html, terapias-disciplinantes.html, terapias-hidratantes.html, terapias-nutritivas.html, terapias-restauradoras.html, articulo.html, index.html, index.html, admin.html, index.html, chatbot-widget.css, style.css, style.css, style.css"
"abril 7.png","abril 7.png","178676","174,49","0,17","PNG","30","alisados.html, chatbot_demo.html, index.html, linea-cuidado.html, linea-profesional.html, new_faq.html, old_faq_798ad13.html, old_faq_section.html, politica-cookies.html, politica-datos.html, politica-envios.html, politica-garantia.html, politica-servicio.html, promociones-condiciones.html, temp_old_index.html, temp_old_index_798ad13.html, temp_old_index_utf8.html, terapias-disciplinantes.html, terapias-hidratantes.html, terapias-nutritivas.html, terapias-restauradoras.html, articulo.html, index.html, index.html, admin.html, index.html, chatbot-widget.css, style.css, style.css, style.css"
"abril 3.png","abril 3.png","175324","171,21","0,17","PNG","30","alisados.html, chatbot_demo.html, index.html, linea-cuidado.html, linea-profesional.html, new_faq.html, old_faq_798ad13.html, old_faq_section.html, politica-cookies.html, politica-datos.html, politica-envios.html, politica-garantia.html, politica-servicio.html, promociones-condiciones.html, temp_old_index.html, temp_old_index_798ad13.html, temp_old_index_utf8.html, terapias-disciplinantes.html, terapias-hidratantes.html, terapias-nutritivas.html, terapias-restauradoras.html, articulo.html, index.html, index.html, admin.html, index.html, chatbot-widget.css, style.css, style.css, style.css"
"capacitacion.jpeg","capacitacion.jpeg","171435","167,42","0,16","JPEG","30","alisados.html, chatbot_demo.html, index.html, linea-cuidado.html, linea-profesional.html, new_faq.html, old_faq_798ad13.html, old_faq_section.html, politica-cookies.html, politica-datos.html, politica-envios.html, politica-garantia.html, politica-servicio.html, promociones-condiciones.html, temp_old_index.html, temp_old_index_798ad13.html, temp_old_index_utf8.html, terapias-disciplinantes.html, terapias-hidratantes.html, terapias-nutritivas.html, terapias-restauradoras.html, articulo.html, index.html, index.html, admin.html, index.html, chatbot-widget.css, style.css, style.css, style.css"
"imagen mayo promo.jpeg","imagen mayo promo.jpeg","170411","166,42","0,16","JPEG","30","alisados.html, chatbot_demo.html, index.html, linea-cuidado.html, linea-profesional.html, new_faq.html, old_faq_798ad13.html, old_faq_section.html, politica-cookies.html, politica-datos.html, politica-envios.html, politica-garantia.html, politica-servicio.html, promociones-condiciones.html, temp_old_index.html, temp_old_index_798ad13.html, temp_old_index_utf8.html, terapias-disciplinantes.html, terapias-hidratantes.html, terapias-nutritivas.html, terapias-restauradoras.html, articulo.html, index.html, index.html, admin.html, index.html, chatbot-widget.css, style.css, style.css, style.css"
"abril 4.png","abril 4.png","169997","166,01","0,16","PNG","30","alisados.html, chatbot_demo.html, index.html, linea-cuidado.html, linea-profesional.html, new_faq.html, old_faq_798ad13.html, old_faq_section.html, politica-cookies.html, politica-datos.html, politica-envios.html, politica-garantia.html, politica-servicio.html, promociones-condiciones.html, temp_old_index.html, temp_old_index_798ad13.html, temp_old_index_utf8.html, terapias-disciplinantes.html, terapias-hidratantes.html, terapias-nutritivas.html, terapias-restauradoras.html, articulo.html, index.html, index.html, admin.html, index.html, chatbot-widget.css, style.css, style.css, style.css"
"abril 2.png","abril 2.png","168050","164,11","0,16","PNG","30","alisados.html, chatbot_demo.html, index.html, linea-cuidado.html, linea-profesional.html, new_faq.html, old_faq_798ad13.html, old_faq_section.html, politica-cookies.html, politica-datos.html, politica-envios.html, politica-garantia.html, politica-servicio.html, promociones-condiciones.html, temp_old_index.html, temp_old_index_798ad13.html, temp_old_index_utf8.html, terapias-disciplinantes.html, terapias-hidratantes.html, terapias-nutritivas.html, terapias-restauradoras.html, articulo.html, index.html, index.html, admin.html, index.html, chatbot-widget.css, style.css, style.css, style.css"
"aminoacidos junio.jpeg","aminoacidos junio.jpeg","155531","151,89","0,15","JPEG","30","alisados.html, chatbot_demo.html, index.html, linea-cuidado.html, linea-profesional.html, new_faq.html, old_faq_798ad13.html, old_faq_section.html, politica-cookies.html, politica-datos.html, politica-envios.html, politica-garantia.html, politica-servicio.html, promociones-condiciones.html, temp_old_index.html, temp_old_index_798ad13.html, temp_old_index_utf8.html, terapias-disciplinantes.html, terapias-hidratantes.html, terapias-nutritivas.html, terapias-restauradoras.html, articulo.html, index.html, index.html, admin.html, index.html, chatbot-widget.css, style.css, style.css, style.css"
"zero junio.jpeg","zero junio.jpeg","154301","150,68","0,15","JPEG","30","alisados.html, chatbot_demo.html, index.html, linea-cuidado.html, linea-profesional.html, new_faq.html, old_faq_798ad13.html, old_faq_section.html, politica-cookies.html, politica-datos.html, politica-envios.html, politica-garantia.html, politica-servicio.html, promociones-condiciones.html, temp_old_index.html, temp_old_index_798ad13.html, temp_old_index_utf8.html, terapias-disciplinantes.html, terapias-hidratantes.html, terapias-nutritivas.html, terapias-restauradoras.html, articulo.html, index.html, index.html, admin.html, index.html, chatbot-widget.css, style.css, style.css, style.css"
"abril 8.png","abril 8.png","152177","148,61","0,15","PNG","30","alisados.html, chatbot_demo.html, index.html, linea-cuidado.html, linea-profesional.html, new_faq.html, old_faq_798ad13.html, old_faq_section.html, politica-cookies.html, politica-datos.html, politica-envios.html, politica-garantia.html, politica-servicio.html, promociones-condiciones.html, temp_old_index.html, temp_old_index_798ad13.html, temp_old_index_utf8.html, terapias-disciplinantes.html, terapias-hidratantes.html, terapias-nutritivas.html, terapias-restauradoras.html, articulo.html, index.html, index.html, admin.html, index.html, chatbot-widget.css, style.css, style.css, style.css"
"linea de extractos.jpeg","linea de extractos.jpeg","140545","137,25","0,13","JPEG","30","alisados.html, chatbot_demo.html, index.html, linea-cuidado.html, linea-profesional.html, new_faq.html, old_faq_798ad13.html, old_faq_section.html, politica-cookies.html, politica-datos.html, politica-envios.html, politica-garantia.html, politica-servicio.html, promociones-condiciones.html, temp_old_index.html, temp_old_index_798ad13.html, temp_old_index_utf8.html, terapias-disciplinantes.html, terapias-hidratantes.html, terapias-nutritivas.html, terapias-restauradoras.html, articulo.html, index.html, index.html, admin.html, index.html, chatbot-widget.css, style.css, style.css, style.css"
"rcp junio.jpeg","rcp junio.jpeg","138147","134,91","0,13","JPEG","30","alisados.html, chatbot_demo.html, index.html, linea-cuidado.html, linea-profesional.html, new_faq.html, old_faq_798ad13.html, old_faq_section.html, politica-cookies.html, politica-datos.html, politica-envios.html, politica-garantia.html, politica-servicio.html, promociones-condiciones.html, temp_old_index.html, temp_old_index_798ad13.html, temp_old_index_utf8.html, terapias-disciplinantes.html, terapias-hidratantes.html, terapias-nutritivas.html, terapias-restauradoras.html, articulo.html, index.html, index.html, admin.html, index.html, chatbot-widget.css, style.css, style.css, style.css"
"hidracomplex junio.jpeg","hidracomplex junio.jpeg","133812","130,68","0,13","JPEG","30","alisados.html, chatbot_demo.html, index.html, linea-cuidado.html, linea-profesional.html, new_faq.html, old_faq_798ad13.html, old_faq_section.html, politica-cookies.html, politica-datos.html, politica-envios.html, politica-garantia.html, politica-servicio.html, promociones-condiciones.html, temp_old_index.html, temp_old_index_798ad13.html, temp_old_index_utf8.html, terapias-disciplinantes.html, terapias-hidratantes.html, terapias-nutritivas.html, terapias-restauradoras.html, articulo.html, index.html, index.html, admin.html, index.html, chatbot-widget.css, style.css, style.css, style.css"
"alisado saludable junio.jpeg","alisado saludable junio.jpeg","111024","108,42","0,11","JPEG","30","alisados.html, chatbot_demo.html, index.html, linea-cuidado.html, linea-profesional.html, new_faq.html, old_faq_798ad13.html, old_faq_section.html, politica-cookies.html, politica-datos.html, politica-envios.html, politica-garantia.html, politica-servicio.html, promociones-condiciones.html, temp_old_index.html, temp_old_index_798ad13.html, temp_old_index_utf8.html, terapias-disciplinantes.html, terapias-hidratantes.html, terapias-nutritivas.html, terapias-restauradoras.html, articulo.html, index.html, index.html, admin.html, index.html, chatbot-widget.css, style.css, style.css, style.css"
"linea de cuidado.jpg","linea de cuidado.jpg","101130","98,76","0,1","JPG","30","alisados.html, chatbot_demo.html, index.html, linea-cuidado.html, linea-profesional.html, new_faq.html, old_faq_798ad13.html, old_faq_section.html, politica-cookies.html, politica-datos.html, politica-envios.html, politica-garantia.html, politica-servicio.html, promociones-condiciones.html, temp_old_index.html, temp_old_index_798ad13.html, temp_old_index_utf8.html, terapias-disciplinantes.html, terapias-hidratantes.html, terapias-nutritivas.html, terapias-restauradoras.html, articulo.html, index.html, index.html, admin.html, index.html, chatbot-widget.css, style.css, style.css, style.css"
"guia_cabello_tecnico_completa_julie_es_1774539016850.png","sistema-fichas-2024\guia_cabello_tecnico_completa_julie_es_1774539016850.png","98091","95,79","0,09","PNG","30","alisados.html, chatbot_demo.html, index.html, linea-cuidado.html, linea-profesional.html, new_faq.html, old_faq_798ad13.html, old_faq_section.html, politica-cookies.html, politica-datos.html, politica-envios.html, politica-garantia.html, politica-servicio.html, promociones-condiciones.html, temp_old_index.html, temp_old_index_798ad13.html, temp_old_index_utf8.html, terapias-disciplinantes.html, terapias-hidratantes.html, terapias-nutritivas.html, terapias-restauradoras.html, articulo.html, index.html, index.html, admin.html, index.html, chatbot-widget.css, style.css, style.css, style.css"
"linea profesional.jpg","linea profesional.jpg","93309","91,12","0,09","JPG","30","alisados.html, chatbot_demo.html, index.html, linea-cuidado.html, linea-profesional.html, new_faq.html, old_faq_798ad13.html, old_faq_section.html, politica-cookies.html, politica-datos.html, politica-envios.html, politica-garantia.html, politica-servicio.html, promociones-condiciones.html, temp_old_index.html, temp_old_index_798ad13.html, temp_old_index_utf8.html, terapias-disciplinantes.html, terapias-hidratantes.html, terapias-nutritivas.html, terapias-restauradoras.html, articulo.html, index.html, index.html, admin.html, index.html, chatbot-widget.css, style.css, style.css, style.css"
"LINEA EXTRACTOS.jpg","LINEA EXTRACTOS.jpg","84305","82,33","0,08","JPG","30","alisados.html, chatbot_demo.html, index.html, linea-cuidado.html, linea-profesional.html, new_faq.html, old_faq_798ad13.html, old_faq_section.html, politica-cookies.html, politica-datos.html, politica-envios.html, politica-garantia.html, politica-servicio.html, promociones-condiciones.html, temp_old_index.html, temp_old_index_798ad13.html, temp_old_index_utf8.html, terapias-disciplinantes.html, terapias-hidratantes.html, terapias-nutritivas.html, terapias-restauradoras.html, articulo.html, index.html, index.html, admin.html, index.html, chatbot-widget.css, style.css, style.css, style.css"
"alisado julio img.jpeg","alisado julio img.jpeg","82259","80,33","0,08","JPEG","30","alisados.html, chatbot_demo.html, index.html, linea-cuidado.html, linea-profesional.html, new_faq.html, old_faq_798ad13.html, old_faq_section.html, politica-cookies.html, politica-datos.html, politica-envios.html, politica-garantia.html, politica-servicio.html, promociones-condiciones.html, temp_old_index.html, temp_old_index_798ad13.html, temp_old_index_utf8.html, terapias-disciplinantes.html, terapias-hidratantes.html, terapias-nutritivas.html, terapias-restauradoras.html, articulo.html, index.html, index.html, admin.html, index.html, chatbot-widget.css, style.css, style.css, style.css"
"acondiconador extractos - copia.jpeg","acondiconador extractos - copia.jpeg","81908","79,99","0,08","JPEG","30","alisados.html, chatbot_demo.html, index.html, linea-cuidado.html, linea-profesional.html, new_faq.html, old_faq_798ad13.html, old_faq_section.html, politica-cookies.html, politica-datos.html, politica-envios.html, politica-garantia.html, politica-servicio.html, promociones-condiciones.html, temp_old_index.html, temp_old_index_798ad13.html, temp_old_index_utf8.html, terapias-disciplinantes.html, terapias-hidratantes.html, terapias-nutritivas.html, terapias-restauradoras.html, articulo.html, index.html, index.html, admin.html, index.html, chatbot-widget.css, style.css, style.css, style.css"
"acondiconador extractos.jpeg","acondiconador extractos.jpeg","81908","79,99","0,08","JPEG","30","alisados.html, chatbot_demo.html, index.html, linea-cuidado.html, linea-profesional.html, new_faq.html, old_faq_798ad13.html, old_faq_section.html, politica-cookies.html, politica-datos.html, politica-envios.html, politica-garantia.html, politica-servicio.html, promociones-condiciones.html, temp_old_index.html, temp_old_index_798ad13.html, temp_old_index_utf8.html, terapias-disciplinantes.html, terapias-hidratantes.html, terapias-nutritivas.html, terapias-restauradoras.html, articulo.html, index.html, index.html, admin.html, index.html, chatbot-widget.css, style.css, style.css, style.css"
"mascarilla-oro.jpeg","mascarilla-oro.jpeg","80485","78,6","0,08","JPEG","30","alisados.html, chatbot_demo.html, index.html, linea-cuidado.html, linea-profesional.html, new_faq.html, old_faq_798ad13.html, old_faq_section.html, politica-cookies.html, politica-datos.html, politica-envios.html, politica-garantia.html, politica-servicio.html, promociones-condiciones.html, temp_old_index.html, temp_old_index_798ad13.html, temp_old_index_utf8.html, terapias-disciplinantes.html, terapias-hidratantes.html, terapias-nutritivas.html, terapias-restauradoras.html, articulo.html, index.html, index.html, admin.html, index.html, chatbot-widget.css, style.css, style.css, style.css"
"acondiconador argan.jpeg","acondiconador argan.jpeg","80484","78,6","0,08","JPEG","30","alisados.html, chatbot_demo.html, index.html, linea-cuidado.html, linea-profesional.html, new_faq.html, old_faq_798ad13.html, old_faq_section.html, politica-cookies.html, politica-datos.html, politica-envios.html, politica-garantia.html, politica-servicio.html, promociones-condiciones.html, temp_old_index.html, temp_old_index_798ad13.html, temp_old_index_utf8.html, terapias-disciplinantes.html, terapias-hidratantes.html, terapias-nutritivas.html, terapias-restauradoras.html, articulo.html, index.html, index.html, admin.html, index.html, chatbot-widget.css, style.css, style.css, style.css"
"acondiconador argan - copia.jpeg","acondiconador argan - copia.jpeg","80484","78,6","0,08","JPEG","30","alisados.html, chatbot_demo.html, index.html, linea-cuidado.html, linea-profesional.html, new_faq.html, old_faq_798ad13.html, old_faq_section.html, politica-cookies.html, politica-datos.html, politica-envios.html, politica-garantia.html, politica-servicio.html, promociones-condiciones.html, temp_old_index.html, temp_old_index_798ad13.html, temp_old_index_utf8.html, terapias-disciplinantes.html, terapias-hidratantes.html, terapias-nutritivas.html, terapias-restauradoras.html, articulo.html, index.html, index.html, admin.html, index.html, chatbot-widget.css, style.css, style.css, style.css"
"shampoo-argan.jpeg","shampoo-argan.jpeg","78920","77,07","0,08","JPEG","30","alisados.html, chatbot_demo.html, index.html, linea-cuidado.html, linea-profesional.html, new_faq.html, old_faq_798ad13.html, old_faq_section.html, politica-cookies.html, politica-datos.html, politica-envios.html, politica-garantia.html, politica-servicio.html, promociones-condiciones.html, temp_old_index.html, temp_old_index_798ad13.html, temp_old_index_utf8.html, terapias-disciplinantes.html, terapias-hidratantes.html, terapias-nutritivas.html, terapias-restauradoras.html, articulo.html, index.html, index.html, admin.html, index.html, chatbot-widget.css, style.css, style.css, style.css"
"tratamiento-multiactivo.jpeg","tratamiento-multiactivo.jpeg","78162","76,33","0,07","JPEG","30","alisados.html, chatbot_demo.html, index.html, linea-cuidado.html, linea-profesional.html, new_faq.html, old_faq_798ad13.html, old_faq_section.html, politica-cookies.html, politica-datos.html, politica-envios.html, politica-garantia.html, politica-servicio.html, promociones-condiciones.html, temp_old_index.html, temp_old_index_798ad13.html, temp_old_index_utf8.html, terapias-disciplinantes.html, terapias-hidratantes.html, terapias-nutritivas.html, terapias-restauradoras.html, articulo.html, index.html, index.html, admin.html, index.html, chatbot-widget.css, style.css, style.css, style.css"
"emulsion julio imag.jpeg","emulsion julio imag.jpeg","77508","75,69","0,07","JPEG","30","alisados.html, chatbot_demo.html, index.html, linea-cuidado.html, linea-profesional.html, new_faq.html, old_faq_798ad13.html, old_faq_section.html, politica-cookies.html, politica-datos.html, politica-envios.html, politica-garantia.html, politica-servicio.html, promociones-condiciones.html, temp_old_index.html, temp_old_index_798ad13.html, temp_old_index_utf8.html, terapias-disciplinantes.html, terapias-hidratantes.html, terapias-nutritivas.html, terapias-restauradoras.html, articulo.html, index.html, index.html, admin.html, index.html, chatbot-widget.css, style.css, style.css, style.css"
"shampoo extractos.jpeg","shampoo extractos.jpeg","77507","75,69","0,07","JPEG","30","alisados.html, chatbot_demo.html, index.html, linea-cuidado.html, linea-profesional.html, new_faq.html, old_faq_798ad13.html, old_faq_section.html, politica-cookies.html, politica-datos.html, politica-envios.html, politica-garantia.html, politica-servicio.html, promociones-condiciones.html, temp_old_index.html, temp_old_index_798ad13.html, temp_old_index_utf8.html, terapias-disciplinantes.html, terapias-hidratantes.html, terapias-nutritivas.html, terapias-restauradoras.html, articulo.html, index.html, index.html, admin.html, index.html, chatbot-widget.css, style.css, style.css, style.css"
"reposicion julio img.jpeg","reposicion julio img.jpeg","75771","74","0,07","JPEG","30","alisados.html, chatbot_demo.html, index.html, linea-cuidado.html, linea-profesional.html, new_faq.html, old_faq_798ad13.html, old_faq_section.html, politica-cookies.html, politica-datos.html, politica-envios.html, politica-garantia.html, politica-servicio.html, promociones-condiciones.html, temp_old_index.html, temp_old_index_798ad13.html, temp_old_index_utf8.html, terapias-disciplinantes.html, terapias-hidratantes.html, terapias-nutritivas.html, terapias-restauradoras.html, articulo.html, index.html, index.html, admin.html, index.html, chatbot-widget.css, style.css, style.css, style.css"
"biocomlex julio img.jpeg","biocomlex julio img.jpeg","73626","71,9","0,07","JPEG","30","alisados.html, chatbot_demo.html, index.html, linea-cuidado.html, linea-profesional.html, new_faq.html, old_faq_798ad13.html, old_faq_section.html, politica-cookies.html, politica-datos.html, politica-envios.html, politica-garantia.html, politica-servicio.html, promociones-condiciones.html, temp_old_index.html, temp_old_index_798ad13.html, temp_old_index_utf8.html, terapias-disciplinantes.html, terapias-hidratantes.html, terapias-nutritivas.html, terapias-restauradoras.html, articulo.html, index.html, index.html, admin.html, index.html, chatbot-widget.css, style.css, style.css, style.css"
"promo julio img.jpeg","promo julio img.jpeg","67971","66,38","0,06","JPEG","30","alisados.html, chatbot_demo.html, index.html, linea-cuidado.html, linea-profesional.html, new_faq.html, old_faq_798ad13.html, old_faq_section.html, politica-cookies.html, politica-datos.html, politica-envios.html, politica-garantia.html, politica-servicio.html, promociones-condiciones.html, temp_old_index.html, temp_old_index_798ad13.html, temp_old_index_utf8.html, terapias-disciplinantes.html, terapias-hidratantes.html, terapias-nutritivas.html, terapias-restauradoras.html, articulo.html, index.html, index.html, admin.html, index.html, chatbot-widget.css, style.css, style.css, style.css"
"LINEA ARGAN.jpg","LINEA ARGAN.jpg","67006","65,44","0,06","JPG","30","alisados.html, chatbot_demo.html, index.html, linea-cuidado.html, linea-profesional.html, new_faq.html, old_faq_798ad13.html, old_faq_section.html, politica-cookies.html, politica-datos.html, politica-envios.html, politica-garantia.html, politica-servicio.html, promociones-condiciones.html, temp_old_index.html, temp_old_index_798ad13.html, temp_old_index_utf8.html, terapias-disciplinantes.html, terapias-hidratantes.html, terapias-nutritivas.html, terapias-restauradoras.html, articulo.html, index.html, index.html, admin.html, index.html, chatbot-widget.css, style.css, style.css, style.css"
"aceite-reparador.jpeg","aceite-reparador.jpeg","63363","61,88","0,06","JPEG","30","alisados.html, chatbot_demo.html, index.html, linea-cuidado.html, linea-profesional.html, new_faq.html, old_faq_798ad13.html, old_faq_section.html, politica-cookies.html, politica-datos.html, politica-envios.html, politica-garantia.html, politica-servicio.html, promociones-condiciones.html, temp_old_index.html, temp_old_index_798ad13.html, temp_old_index_utf8.html, terapias-disciplinantes.html, terapias-hidratantes.html, terapias-nutritivas.html, terapias-restauradoras.html, articulo.html, index.html, index.html, admin.html, index.html, chatbot-widget.css, style.css, style.css, style.css"
"aceite-reparador - copia.jpeg","aceite-reparador - copia.jpeg","63363","61,88","0,06","JPEG","30","alisados.html, chatbot_demo.html, index.html, linea-cuidado.html, linea-profesional.html, new_faq.html, old_faq_798ad13.html, old_faq_section.html, politica-cookies.html, politica-datos.html, politica-envios.html, politica-garantia.html, politica-servicio.html, promociones-condiciones.html, temp_old_index.html, temp_old_index_798ad13.html, temp_old_index_utf8.html, terapias-disciplinantes.html, terapias-hidratantes.html, terapias-nutritivas.html, terapias-restauradoras.html, articulo.html, index.html, index.html, admin.html, index.html, chatbot-widget.css, style.css, style.css, style.css"
"alisado-saludable-pro.jpg","alisado-saludable-pro.jpg","55613","54,31","0,05","JPG","30","alisados.html, chatbot_demo.html, index.html, linea-cuidado.html, linea-profesional.html, new_faq.html, old_faq_798ad13.html, old_faq_section.html, politica-cookies.html, politica-datos.html, politica-envios.html, politica-garantia.html, politica-servicio.html, promociones-condiciones.html, temp_old_index.html, temp_old_index_798ad13.html, temp_old_index_utf8.html, terapias-disciplinantes.html, terapias-hidratantes.html, terapias-nutritivas.html, terapias-restauradoras.html, articulo.html, index.html, index.html, admin.html, index.html, chatbot-widget.css, style.css, style.css, style.css"
"la ampolla.jpg","la ampolla.jpg","55046","53,76","0,05","JPG","30","alisados.html, chatbot_demo.html, index.html, linea-cuidado.html, linea-profesional.html, new_faq.html, old_faq_798ad13.html, old_faq_section.html, politica-cookies.html, politica-datos.html, politica-envios.html, politica-garantia.html, politica-servicio.html, promociones-condiciones.html, temp_old_index.html, temp_old_index_798ad13.html, temp_old_index_utf8.html, terapias-disciplinantes.html, terapias-hidratantes.html, terapias-nutritivas.html, terapias-restauradoras.html, articulo.html, index.html, index.html, admin.html, index.html, chatbot-widget.css, style.css, style.css, style.css"
"FONDO WEB.jpg","FONDO WEB.jpg","49218","48,06","0,05","JPG","30","alisados.html, chatbot_demo.html, index.html, linea-cuidado.html, linea-profesional.html, new_faq.html, old_faq_798ad13.html, old_faq_section.html, politica-cookies.html, politica-datos.html, politica-envios.html, politica-garantia.html, politica-servicio.html, promociones-condiciones.html, temp_old_index.html, temp_old_index_798ad13.html, temp_old_index_utf8.html, terapias-disciplinantes.html, terapias-hidratantes.html, terapias-nutritivas.html, terapias-restauradoras.html, articulo.html, index.html, index.html, admin.html, index.html, chatbot-widget.css, style.css, style.css, style.css"
"guia-largos.png","guia-largos.png","45100","44,04","0,04","PNG","30","alisados.html, chatbot_demo.html, index.html, linea-cuidado.html, linea-profesional.html, new_faq.html, old_faq_798ad13.html, old_faq_section.html, politica-cookies.html, politica-datos.html, politica-envios.html, politica-garantia.html, politica-servicio.html, promociones-condiciones.html, temp_old_index.html, temp_old_index_798ad13.html, temp_old_index_utf8.html, terapias-disciplinantes.html, terapias-hidratantes.html, terapias-nutritivas.html, terapias-restauradoras.html, articulo.html, index.html, index.html, admin.html, index.html, chatbot-widget.css, style.css, style.css, style.css"
"el termoprotector - copia.jpg","el termoprotector - copia.jpg","45026","43,97","0,04","JPG","30","alisados.html, chatbot_demo.html, index.html, linea-cuidado.html, linea-profesional.html, new_faq.html, old_faq_798ad13.html, old_faq_section.html, politica-cookies.html, politica-datos.html, politica-envios.html, politica-garantia.html, politica-servicio.html, promociones-condiciones.html, temp_old_index.html, temp_old_index_798ad13.html, temp_old_index_utf8.html, terapias-disciplinantes.html, terapias-hidratantes.html, terapias-nutritivas.html, terapias-restauradoras.html, articulo.html, index.html, index.html, admin.html, index.html, chatbot-widget.css, style.css, style.css, style.css"
"el termoprotector.jpg","el termoprotector.jpg","45026","43,97","0,04","JPG","30","alisados.html, chatbot_demo.html, index.html, linea-cuidado.html, linea-profesional.html, new_faq.html, old_faq_798ad13.html, old_faq_section.html, politica-cookies.html, politica-datos.html, politica-envios.html, politica-garantia.html, politica-servicio.html, promociones-condiciones.html, temp_old_index.html, temp_old_index_798ad13.html, temp_old_index_utf8.html, terapias-disciplinantes.html, terapias-hidratantes.html, terapias-nutritivas.html, terapias-restauradoras.html, articulo.html, index.html, index.html, admin.html, index.html, chatbot-widget.css, style.css, style.css, style.css"
"rcp-restauracion.jpg","rcp-restauracion.jpg","43091","42,08","0,04","JPG","30","alisados.html, chatbot_demo.html, index.html, linea-cuidado.html, linea-profesional.html, new_faq.html, old_faq_798ad13.html, old_faq_section.html, politica-cookies.html, politica-datos.html, politica-envios.html, politica-garantia.html, politica-servicio.html, promociones-condiciones.html, temp_old_index.html, temp_old_index_798ad13.html, temp_old_index_utf8.html, terapias-disciplinantes.html, terapias-hidratantes.html, terapias-nutritivas.html, terapias-restauradoras.html, articulo.html, index.html, index.html, admin.html, index.html, chatbot-widget.css, style.css, style.css, style.css"
"logo sic.jpg","logo sic.jpg","36440","35,59","0,03","JPG","30","alisados.html, chatbot_demo.html, index.html, linea-cuidado.html, linea-profesional.html, new_faq.html, old_faq_798ad13.html, old_faq_section.html, politica-cookies.html, politica-datos.html, politica-envios.html, politica-garantia.html, politica-servicio.html, promociones-condiciones.html, temp_old_index.html, temp_old_index_798ad13.html, temp_old_index_utf8.html, terapias-disciplinantes.html, terapias-hidratantes.html, terapias-nutritivas.html, terapias-restauradoras.html, articulo.html, index.html, index.html, admin.html, index.html, chatbot-widget.css, style.css, style.css, style.css"
"reposicion-aminoacidos.jpg","reposicion-aminoacidos.jpg","36007","35,16","0,03","JPG","30","alisados.html, chatbot_demo.html, index.html, linea-cuidado.html, linea-profesional.html, new_faq.html, old_faq_798ad13.html, old_faq_section.html, politica-cookies.html, politica-datos.html, politica-envios.html, politica-garantia.html, politica-servicio.html, promociones-condiciones.html, temp_old_index.html, temp_old_index_798ad13.html, temp_old_index_utf8.html, terapias-disciplinantes.html, terapias-hidratantes.html, terapias-nutritivas.html, terapias-restauradoras.html, articulo.html, index.html, index.html, admin.html, index.html, chatbot-widget.css, style.css, style.css, style.css"
"pago tarjeta.jpg","pago tarjeta.jpg","16028","15,65","0,02","JPG","30","alisados.html, chatbot_demo.html, index.html, linea-cuidado.html, linea-profesional.html, new_faq.html, old_faq_798ad13.html, old_faq_section.html, politica-cookies.html, politica-datos.html, politica-envios.html, politica-garantia.html, politica-servicio.html, promociones-condiciones.html, temp_old_index.html, temp_old_index_798ad13.html, temp_old_index_utf8.html, terapias-disciplinantes.html, terapias-hidratantes.html, terapias-nutritivas.html, terapias-restauradoras.html, articulo.html, index.html, index.html, admin.html, index.html, chatbot-widget.css, style.css, style.css, style.css"
"pago addi.jpg","pago addi.jpg","13237","12,93","0,01","JPG","30","alisados.html, chatbot_demo.html, index.html, linea-cuidado.html, linea-profesional.html, new_faq.html, old_faq_798ad13.html, old_faq_section.html, politica-cookies.html, politica-datos.html, politica-envios.html, politica-garantia.html, politica-servicio.html, promociones-condiciones.html, temp_old_index.html, temp_old_index_798ad13.html, temp_old_index_utf8.html, terapias-disciplinantes.html, terapias-hidratantes.html, terapias-nutritivas.html, terapias-restauradoras.html, articulo.html, index.html, index.html, admin.html, index.html, chatbot-widget.css, style.css, style.css, style.css"
"mastercard-logo.png","mastercard-logo.png","7103","6,94","0,01","PNG","30","alisados.html, chatbot_demo.html, index.html, linea-cuidado.html, linea-profesional.html, new_faq.html, old_faq_798ad13.html, old_faq_section.html, politica-cookies.html, politica-datos.html, politica-envios.html, politica-garantia.html, politica-servicio.html, promociones-condiciones.html, temp_old_index.html, temp_old_index_798ad13.html, temp_old_index_utf8.html, terapias-disciplinantes.html, terapias-hidratantes.html, terapias-nutritivas.html, terapias-restauradoras.html, articulo.html, index.html, index.html, admin.html, index.html, chatbot-widget.css, style.css, style.css, style.css"
"breb.jpeg","breb.jpeg","6349","6,2","0,01","JPEG","30","alisados.html, chatbot_demo.html, index.html, linea-cuidado.html, linea-profesional.html, new_faq.html, old_faq_798ad13.html, old_faq_section.html, politica-cookies.html, politica-datos.html, politica-envios.html, politica-garantia.html, politica-servicio.html, promociones-condiciones.html, temp_old_index.html, temp_old_index_798ad13.html, temp_old_index_utf8.html, terapias-disciplinantes.html, terapias-hidratantes.html, terapias-nutritivas.html, terapias-restauradoras.html, articulo.html, index.html, index.html, admin.html, index.html, chatbot-widget.css, style.css, style.css, style.css"
"nequi daviplata.jpeg","nequi daviplata.jpeg","5618","5,49","0,01","JPEG","30","alisados.html, chatbot_demo.html, index.html, linea-cuidado.html, linea-profesional.html, new_faq.html, old_faq_798ad13.html, old_faq_section.html, politica-cookies.html, politica-datos.html, politica-envios.html, politica-garantia.html, politica-servicio.html, promociones-condiciones.html, temp_old_index.html, temp_old_index_798ad13.html, temp_old_index_utf8.html, terapias-disciplinantes.html, terapias-hidratantes.html, terapias-nutritivas.html, terapias-restauradoras.html, articulo.html, index.html, index.html, admin.html, index.html, chatbot-widget.css, style.css, style.css, style.css"
"LOGO SIC NUEVO.png","LOGO SIC NUEVO.png","4553","4,45","0","PNG","30","alisados.html, chatbot_demo.html, index.html, linea-cuidado.html, linea-profesional.html, new_faq.html, old_faq_798ad13.html, old_faq_section.html, politica-cookies.html, politica-datos.html, politica-envios.html, politica-garantia.html, politica-servicio.html, promociones-condiciones.html, temp_old_index.html, temp_old_index_798ad13.html, temp_old_index_utf8.html, terapias-disciplinantes.html, terapias-hidratantes.html, terapias-nutritivas.html, terapias-restauradoras.html, articulo.html, index.html, index.html, admin.html, index.html, chatbot-widget.css, style.css, style.css, style.css"
